Antiques,Antiquities
Antiques,Architectural & Garden
Antiques,Asian Antiques
Antiques,Books & Manuscripts
Antiques,Decorative Arts
Antiques,Ethnographic
Antiques,Furniture
Antiques,Home & Hearth
Antiques,Linens & Textiles (Pre-1930)
Antiques,"Maps, Atlases & Globes"
Antiques,Maritime
Antiques,"Mercantile, Trades & Factories"
Antiques,Musical Instruments (Pre-1930)
Antiques,Periods & Styles
Antiques,Primitives
Antiques,Restoration & Care
Antiques,Rugs & Carpets
Antiques,Science & Medicine (Pre-1930)
Antiques,Sewing (Pre-1930)
Antiques,Silver
Antiques,Reproduction Antiques
Antiques,Other
Art,Direct from the Artist
Art,Art from Dealers & Resellers
Art,Wholesale Lots
Baby,Baby Gear
Baby,Baby Safety & Health
Baby,Bathing & Grooming
Baby,Car Safety Seats
Baby,Diapering
Baby,Feeding
Baby,Keepsakes & Baby Announcements
Baby,Nursery Bedding
Baby,Nursery Decor
Baby,Nursery Furniture
Baby,Potty Training
Baby,Strollers
Baby,Stroller Accessories
Baby,Toys for Baby
Baby,Other
Baby,Wholesale Lots
Books,Accessories
Books,Antiquarian & Collectible
Books,Audiobooks
Books,Catalogs
Books,Children & Young Adults
Books,Cookbooks
Books,Fiction & Literature
Books,Magazine Back Issues
Books,Nonfiction
Books,"Textbooks, Education"
Books,Wholesale & Bulk Lots
Books,Other
Business & Industrial,Agriculture & Forestry
Business & Industrial,Businesses & Websites for Sale
Business & Industrial,Construction
Business & Industrial,Electrical & Test Equipment
Business & Industrial,Fuel & Energy
Business & Industrial,"Healthcare, Lab & Life Science"
Business & Industrial,Industrial Supply & MRO
Business & Industrial,Manufacturing & Metalworking
Business & Industrial,Office
Business & Industrial,Packing & Shipping
Business & Industrial,Printing & Graphic Arts
Business & Industrial,Restaurant & Catering
Business & Industrial,Retail & Services
Business & Industrial,Other
Cameras & photos,Binoculars & Telescopes
Cameras & photos,Camcorders
Cameras & photos,Digital Cameras
Cameras & photos,Camera & Photo Accessories
Cameras & photos,Digital Photo Frames
Cameras & photos,Photography
Cameras & photos,Flashes & Flash Accessories
Cameras & photos,Lenses & Filters
Cameras & photos,Lighting & Studio
Cameras & photos,Manuals & Guides
Cameras & photos,Replacement Parts & Tools
Cameras & photos,Tripods & Supports
Cameras & photos,Video Production & Editing
Cameras & photos,Professionals & Services
Cameras & photos,Wholesale Lots
Cameras & photos,Other
Cell Phones & Accessories,Cell Phones & Smartphones
Cell Phones & Accessories,Cell Phone Accessories
Cell Phones & Accessories,Display Phones
Cell Phones & Accessories,Phone Cards & SIM Cards
Cell Phones & Accessories,Replacement Parts & Tools
Cell Phones & Accessories,Wholesale Lots
Cell Phones & Accessories,Other
Clothing & Accessories,Baby & Toddler Clothing
Clothing & Accessories,"Kids' Clothing, Shoes & Accs"
Clothing & Accessories,"Costumes, Reenactment, Theater"
Clothing & Accessories,Cultural & Ethnic Clothing
Clothing & Accessories,Dancewear
Clothing & Accessories,Men's Accessories
Clothing & Accessories,Men's Clothing
Clothing & Accessories,Men's Shoes
Clothing & Accessories,Uniforms & Work Clothing
Clothing & Accessories,"Unisex Clothing, Shoes & Accs"
Clothing & Accessories,Wedding & Formal Occasion
Clothing & Accessories,Women's Accessories
Clothing & Accessories,Women's Clothing
Clothing & Accessories,Women's Handbags & Bags
Clothing & Accessories,Women's Shoes
Clothing & Accessories,Professionals & Services
Clothing & Accessories,"Wholesale, Large & Small Lots"
Computers & Networking,"iPads, Tablets & eBook Readers"
Computers & Networking,iPad/Tablet/eBook Accessories
Computers & Networking,Laptops & Netbooks
Computers & Networking,Desktops & All-In-Ones
Computers & Networking,Laptop & Desktop Accessories
Computers & Networking,Cables & Connectors
Computers & Networking,Computer Components & Parts
Computers & Networking,"Drives, Storage & Blank Media"
Computers & Networking,"Enterprise Networking, Servers"
Computers & Networking,Home Networking & Connectivity
Computers & Networking,"Keyboards, Mice & Pointing"
Computers & Networking,"Monitors, Projectors & Accs"
Computers & Networking,"Power Protection, Distribution"
Computers & Networking,"Printers, Scanners & Supplies"
Computers & Networking,Software
Computers & Networking,Manuals & Resources
Computers & Networking,Professionals & Services
Computers & Networking,Wholesale Lots
Computers & Networking,Other
Consumer Electronics,Portable Audio & Headphones
Consumer Electronics,"TV, Video & Home Audio"
Consumer Electronics,Vehicle Electronics & GPS
Consumer Electronics,Home Automation
Consumer Electronics,Home Surveillance
Consumer Electronics,Home Telephones
Consumer Electronics,Multipurpose Batteries & Power
Consumer Electronics,Radio Communication
Consumer Electronics,Gadgets & Other Electronics
Consumer Electronics,Professionals & Services
Consumer Electronics,Wholesale Lots
Craft,Art Supplies
Craft,Beads & Jewelry Making
Craft,Glass & Mosaics
Craft,Handcrafted & Finished Pieces
Craft,Home Arts & Crafts
Craft,Kids' Crafts
Craft,Multi-Purpose Craft Supplies
Craft,Needlecrafts & Yarn
Craft,Scrapbooking & Paper Crafts
Craft,Sewing & Fabric
Craft,Dolls & Bears
Craft,Stamping & Embossing
Craft,Other Crafts
Craft,Wholesale Lots
DVDs & Movies,DVDs & Blu-ray Discs
DVDs & Movies,Film Stock
DVDs & Movies,Laserdiscs
DVDs & Movies,UMDs
DVDs & Movies,VHS Tapes
DVDs & Movies,Other Formats
DVDs & Movies,Storage & Media Accessories
DVDs & Movies,Wholesale Lots
Health & Beauty,Bath & Body
Health & Beauty,Professionals & Services
Health & Beauty,"Dietary Supplements, Nutrition"
Health & Beauty,Fragrances
Health & Beauty,Hair Care & Salon
Health & Beauty,Health Care
Health & Beauty,Makeup
Health & Beauty,Massage
Health & Beauty,"Medical, Mobility & Disability"
Health & Beauty,Nail Care & Polish
Health & Beauty,Natural & Homeopathic Remedies
Health & Beauty,Oral Care
Health & Beauty,Over-the-Counter Medicine
Health & Beauty,Shaving & Hair Removal
Health & Beauty,Skin Care
Health & Beauty,Tanning Beds & Lamps
Health & Beauty,Tattoos & Body Art
Health & Beauty,Vision Care
Health & Beauty,Weight Management
Health & Beauty,Wholesale Lots
Health & Beauty,Other
Home & Garden,Bath
Home & Garden,Bedding
Home & Garden,Food & Beverages
Home & Garden,Furniture
Home & Garden,"Holidays, Cards & Party Supply"
Home & Garden,Home Decor
Home & Garden,Home Improvement
Home & Garden,Housekeeping & Organization
Home & Garden,Kids & Teens at Home
Home & Garden,"Kitchen, Dining & Bar"
Home & Garden,"Lamps, Lighting & Ceiling Fans"
Home & Garden,Major Appliances
Home & Garden,Rugs & Carpets
Home & Garden,Tools
Home & Garden,Window Treatments & Hardware
Home & Garden,"Yard, Garden & Outdoor Living"
Home & Garden,Wholesale Lots
Home & Garden,Other
Jewelry & Watches,Children's Jewelry
Jewelry & Watches,Engagement & Wedding
Jewelry & Watches,"Ethnic, Regional & Tribal"
Jewelry & Watches,Fashion Jewelry
Jewelry & Watches,Fine Jewelry
Jewelry & Watches,"Handcrafted, Artisan Jewelry"
Jewelry & Watches,Jewelry Boxes & Organizers
Jewelry & Watches,Jewelry Design & Repair
Jewelry & Watches,Loose Beads
Jewelry & Watches,Loose Diamonds & Gemstones
Jewelry & Watches,Men's Jewelry
Jewelry & Watches,Professionals & Services
Jewelry & Watches,Watches
Jewelry & Watches,Other
Jewelry & Watches,Wholesale Lots
Music,Groups & Bands
Music,CDs
Music,Records
Music,Other Formats
Music,Storage & Media Accessories
Music,Wholesale Lots
Musical Instruments & Gear,Accordion & Concertina
Musical Instruments & Gear,Brass
Musical Instruments & Gear,Electronic Instruments
Musical Instruments & Gear,Equipment
Musical Instruments & Gear,Guitar
Musical Instruments & Gear,Harmonica
Musical Instruments & Gear,"Instruction Books, CDs & Video"
Musical Instruments & Gear,Karaoke Entertainment
Musical Instruments & Gear,Percussion
Musical Instruments & Gear,Piano & Organ
Musical Instruments & Gear,Pro Audio Equipment
Musical Instruments & Gear,Sheet Music & Song Books
Musical Instruments & Gear,Stage Lighting & Effects
Musical Instruments & Gear,String
Musical Instruments & Gear,Woodwind
Musical Instruments & Gear,Wholesale Lots
Musical Instruments & Gear,Other
Pet Supplies,Aquarium & Fish
Pet Supplies,Bird Supplies
Pet Supplies,Cat Supplies
Pet Supplies,Dog Supplies
Pet Supplies,Horse Supplies
Pet Supplies,Reptile Supplies
Pet Supplies,Small Animal Supplies
Pet Supplies,Wholesale Lots
Pet Supplies,Other
Vehicles,Cars 
Vehicles,SUVs
Vehicles,Vans
Vehicles,Trucks
Vehicles,Buses
Vehicles,Threewheelers
Vehicles,Motorcycles
Vehicles,Bicycles
Vehicles,Other Vehicles & Trailers
Vehicles,Boats
Vehicles,Powersports
Vehicles,Parts & Accessories
Vehicles,Rent A Car Services
Vehicles,Professionals & Services
Vehicles,Other
Wedding,Wedding Décor
Wedding,Wedding Photographers
Wedding,Bridal Dressers
Wedding,Wedding out-Fits
Wedding,Wedding Videographers
Wedding,Wedding Stationary
Wedding,Wedding Music
Wedding,Wedding Reception Venues
Wedding,Honeymoon Locations
Wedding,Wedding Cultural Events
Wedding,Beauty-SPA
Wedding,Wedding Caterers
Wedding,Wedding Cars
Wedding,Mehandi designs
Wedding,Wedding Cake Structures
Wedding,Wedding Jewelleries
Wedding,Professionals & Services
Wedding,Other
